name,description,github_url,start_date,end_date,status,course_id,specialization_id
NetSage - Network Monitoring Tool,"A Python-powered network monitoring tool with CLI & GUI (PyQt5). Includes speed tests, ISP info, connection status, Wi-Fi quality, troubleshooting, history visualization, and website checker. Built as my CS50 final project and continuously improving.",https://github.com/HossamJa/NetSage-Network-Monitoring-Tool,2025-03-08,2025-04-20,completed,21,
"PEVS, Physics Engine Validation Simulator",A physics-governed virtual laboratory for validating propulsion concepts under real conservation laws.,https://github.com/HossamJa/P.E.V.S-physics-engine-validation-simulator,2025-12-27,2026-01-26,completed,22,
Little Lemon Meta Capstone Project,"The final project for the Meta Back-End Developer Specialization Capstone course on Coursera, centered around building a robust web API for the Little Lemon restaurant.",https://github.com/HossamJa/LittleLemon-Meta-Capstone-Project,2025-09-16,2025-09-17,completed,,
Little Lemon Restaurant Booking System,"The final peer-graded project for the Meta The Full Stack course on Coursera, combining skills in Django, MySQL, and JavaScript to create a fully functional booking system for Little Lemon, a fictional restaurant. The project consists of three exercises: connecting the back-end to MySQL, setting up a booking API, and implementing dynamic reservation management with JavaScript. The application features a booking form, a reservations page, and API endpoints to display reservation data, ensuring duplicate bookings are prevented and timeslots are dynamically updated.",https://github.com/HossamJa/Meta-The-Full-Stack-final-project,2025-09-14,2025-09-16,completed,,
Little Lemon API Development,"The final project for the Meta APIs course on Coursera, focusing on building a robust API system for Little Lemon, a fictional restaurant. The project implements a Django REST Framework (DRF) API with token-based authentication, supporting three user roles: Managers, Customers, and Delivery Crew. It includes endpoints for user registration, menu management, cart functionality, order processing, and delivery tracking, with throttling limited to 5 requests per minute. The API ensures proper HTTP status codes and error handling, making it suitable for web and mobile application integration.",https://github.com/HossamJa/Meta-APIs-final-project,2025-09-13,2025-09-15,completed,,
Design and Build a Simple Django App for Little Lemon,"The final graded assessment for the Meta Django course on Coursera! This project showcases the skills acquired in building a Django-based web application for Little Lemon, a local bistro owned by Mario and Adrian. The goal was to create a functional website with a Menu page and Menu Item page, integrating models, views, templates, and a footer, while leveraging Django's framework to enhance their digital presence. The application includes five pages—Home, About, Booking, Menu, and Menu Item—demonstrating proficiency in Django development.",https://github.com/HossamJa/Meta-design-and-build-a-simple-Django-app,2025-09-11,2025-09-13,completed,,
IBM DevOps Capstone Project,"The completed DevOps Capstone Project for the IBM DevOps and Software Engineering Professional Certificate. The project demonstrates hands-on application of DevOps principles, including Agile planning, Test-Driven Development (TDD), Continuous Integration (CI), security enhancements, containerization, Kubernetes deployment, and automated Continuous Delivery (CD) pipelines.",https://github.com/HossamJa/devops-capstone-project,2025-08-03,2025-08-06,completed,,
IBM Back-end Application Development Capstone: Main Django Application,"The core Django application for the IBM Back-end Application Development Capstone Project, the final course in the IBM Back-End Development Professional Certificate on Coursera. It integrates microservices for pictures and songs, manages user authentication, concert bookings, and deployments using cloud-native technologies.",https://github.com/HossamJa/Back-end-Development-Capstone,2025-08-15,2025-08-17,completed,,
IBM Back-end Application Development Capstone: Songs Microservice,"The Flask-based microservice for handling song data in the IBM Back-end Application Development Capstone Project, part of the IBM Back-End Development Professional Certificate on Coursera. It integrates with MongoDB to manage song lyrics and details via a RESTful API. This microservice works with the Pictures microservice and the main Django application to build an event management system for a fictional music band website.",https://github.com/HossamJa/Back-End-Development-Songs,2025-08-13,2025-08-15,completed,,
IBM Back-end Application Development Capstone: Pictures Microservice,"The Flask-based microservice for handling event pictures in the IBM Back-end Application Development Capstone Project, part of the IBM Back-End Development Professional Certificate on Coursera. It implements a RESTful API to manage URLs of pictures from past events, following Test-Driven Development (TDD) principles. This microservice integrates with the main Django application and the Songs microservice to form a complete event management system for a fictional music band website.",https://github.com/HossamJa/Back-End-Development-Pictures,2025-08-10,2025-08-13,completed,,
Emotion Detector - AI-Based Web Application,An AI-based web app that performs analytics on customer feedback for their signature products.,https://github.com/HossamJa/IBM_Python_and_Flask_Final_project-Emotion_Detector_AI_Based_Web_App,2025-07-09,2025-07-10,completed,,
Security Vulnerability Scan and Fix,"The completed practice lab for the ""Application Security for Developers and DevOps Professionals"" course by IBM on Coursera. The lab focuses on identifying and resolving security vulnerabilities in a sample server-side application, originally forked from the fgxgm-SecurityCheckSample repository. As part of this exercise, I performed a vulnerability scan using Snyk, analyzed the severity of issues (Critical, High, Moderate, Low), and implemented fixes, primarily by updating the Node.js version in the Dockerfile. The project demonstrates best practices for securing Dockerized applications and iterative vulnerability management.",https://github.com/HossamJa/graphy_server_security_lab,2025-09-05,2025-09-05,completed,,
Guestbook Application Deployment with Docker & Kubernetes on IBM Cloud,"This project was built as a final assignment for the Coursera course:
""IBM Containers & Kubernetes Essentials with Docker and OpenShift"".

The application is a simple Guestbook web app, containerized with Docker, deployed using Kubernetes, and hosted on IBM Cloud. The project demonstrates:

Docker image creation and deployment
Kubernetes deployments, services, and autoscaling
Rolling updates and rollback strategies",https://github.com/HossamJa/guestbook-app-docker-k8s-autoscale-ibmcloud,2025-07-09,2025-07-10,completed,,
"Enhanced Online Course App with New Assessment Feature, SQL Integration, and Bootstrap Styling","The completed final project for the ""Django Application Development with SQL and Databases"" course offered by IBM on Coursera, part of the Back-End Development Professional Certificate. The project involves enhancing a pre-built Online Course application by adding a new assessment feature. As a back-end developer, I implemented models for questions, choices, and submissions; registered them in the Django admin; updated templates with Bootstrap styling; created views for exam submission and result evaluation; and ensured seamless integration with SQL databases (using SQLite3 by default).",https://github.com/HossamJa/django-cloud-app-with-database,2025-08-11,2025-08-11,completed,,
Counter Microservice with GitHub Actions and OpenShift Pipelines,"The source code and pipeline configurations for the final project of the IBM course ""Continuous Integration and Continuous Delivery (CI/CD)"". The project demonstrates the implementation of a complete CI/CD pipeline for a Python-based microservice using GitHub Actions and OpenShift Pipelines with Tekton.",https://github.com/HossamJa/ci-cd-final-project,2025-08-01,2025-08-01,completed,,
Product Catalog Microservice,"The Test-Driven Development (TDD) and Behavior-Driven Development (BDD) final project for the IBM course ""Introduction to Test and Behavior Driven Development"" on Coursera.

The application is a Python-based microservice that supports a RESTful product catalog. While the base application code was provided, this project focuses on implementing automated tests, API development, and BDD scenarios to ensure robust functionality and UI behavior.",https://github.com/HossamJa/tdd-bdd-final-project,2025-07-13,2025-07-13,completed,,
Product Price Comparison App – Microservices with IBM Code Engine,"This project is the final assignment for the Coursera course:
""Application Development using Microservices and Serverless with Kubernetes and OpenShift"" by IBM.

It demonstrates how to deploy multiple microservices (Python, Node.js, and a frontend) on IBM Cloud Code Engine to build a price comparison tool.",https://github.com/HossamJa/product-price-comparison-microservices-ibm-codeengine,2025-07-12,2025-07-13,completed,,
Weather ETL Automation - Casablanca Forecast Accuracy Tracker,"This project is a proof-of-concept (POC) ETL (Extract, Transform, Load) pipeline that automates the collection of daily weather data for Casablanca, Morocco. It extracts the observed temperature and the forecasted temperature for the next day, transforms the data into a structured format, and logs it in a tabular format. This data will be used by the analytics team to evaluate the historical accuracy of weather forecasts.

The project was completed as part of an IBM course focused on Linux commands and shell scripting.",https://github.com/HossamJa/Historical-Weather-Forecast-Comparison-to-Actuals,2025-06-23,2025-06-23,completed,,
Practice Lab: Security Vulnerability Scan and Fix,"The completed practice lab for the ""Application Security for Developers and DevOps Professionals"" course by IBM on Coursera. The lab focuses on identifying and resolving security vulnerabilities in a sample server-side application, originally forked from the fgxgm-SecurityCheckSample repository. As part of this exercise, I performed a vulnerability scan using Snyk, analyzed the severity of issues (Critical, High, Moderate, Low), and implemented fixes, primarily by updating the Node.js version in the Dockerfile. The project demonstrates best practices for securing Dockerized applications and iterative vulnerability management.",https://github.com/HossamJa/IBM-Application-Security-SecurityCheckSample,2025-09-05,2025-09-05,completed,,