title,provider,description,url,started_date,end_date
Google IT Support,Google,"Gain skills required to succeed in an entry-level IT job

Learn to perform day-to-day IT support tasks including computer assembly, wireless networking, installing programs, and customer service

Learn how to provide end-to-end customer support, ranging from identifying problems to troubleshooting and debugging

Learn to use systems including Linux, Domain Name Systems, Command-Line Interface, and Binary Code",https://www.coursera.org/specializations/google-it-support,2024-11-05,2024-12-05
IBM IT Support,IBM,"Master the most up-to-date practical skills and tools used by IT support professionals and how to apply them in an everyday professional setting

Learn hardware and software skills that help users select, install, and configure their devices, operations systems, and applications

Develop a strong IT foundation in topics including cybersecurity, networking, cloud, databases, and be prepared for CompTIA certification exams

Practice customer service and troubleshooting skills by using ticketing systems, hands-on labs, demos, and interactive exercises",https://www.coursera.org/specializations/ibm-technical-support,2024-12-07,2025-08-17
Microsoft IT Support Specialist,Microsoft," Gain skills to succeed in Information technology systems analysis and maintenance. 

Apply concepts such as Data Backup, Cloud Computing, and Mobile Device Management to practical IT scenarios.

Demonstrate a holistic understanding of IT support, combining hardware, software, networking, and security concepts in problem-solving.

Learn to adapt diagnostic skills to diverse IT issues within a practical business scenario.",https://www.coursera.org/specializations/microsoft-it-support-specialist,2025-01-15,2025-08-19
Information Technology (IT) and Cloud Fundamentals,IBM,"Operating systems history, installation, configuration, and hardware connectors and peripheral identification and troubleshooting techniques.

Software management, cloud computing characteristics, benefits and trends, web browser essentials, software development basics, and database basics.

Commonly used storage and network types, common security risks, and secure browsing practices.

Application of technical and troubleshooting skills for an IT customer support role.",https://www.coursera.org/specializations/it-cloud-fundamentals,2025-02-20,2025-08-19
Google IT Automation with Python,Google,"Automate tasks by writing Python scripts

Use Git and GitHub for version control

Manage IT resources at scale, both for physical machines and virtual machines in the cloud 

Analyze real-world IT problems and implement the appropriate strategies to solve those problems",https://www.coursera.org/specializations/google-it-automation,2025-03-20,2025-09-07